id | robust score q (r-th worst log min-ratio) | mean | n evals | knobs | per eval: seed: score [S X / R / SH / DR ; ref D / DRIFT] jitter
h-c055pass | 0.206 | 0.358 | 2 | {"RENEW":1,"RN_CAP":13.6,"BODY_MUT":0.025,"BODY_CAP":0.057,"BODY_DEL":0.00319,"BODY_MQ":0.319,"CH_LEN":3.46} | 701: 0.206 [29.00 / 15.83 / 5.17 / 31.17 / 9.50 / 12.83] {"RENEW":1,"RN_CAP":14.4,"BODY_MUT":0.0259,"BODY_CAP":0.0567,"BODY_DEL":0.00345,"BODY_MQ":0.28,"CH_LEN":3.61} ; 702: 0.511 [24.00 / 14.00 / 10.33 / 34.17 / 4.17 / 19.17] {"RENEW":1,"RN_CAP":14.8,"BODY_MUT":0.0219,"BODY_CAP":0.0522,"BODY_DEL":0.00346,"BODY_MQ":0.284,"CH_LEN":3.33}
a03 | 0.123 | 0.131 | 2 | {"RENEW":1,"RN_CAP":11.3,"BODY_MUT":0.0226,"BODY_CAP":0.0974,"BODY_DEL":0.00265,"BODY_MQ":0.481,"CH_LEN":2.91} | 701: 0.140 [29.67 / 18.00 / 25.67 / 25.83 / 9.50 / 12.83] {"RENEW":1,"RN_CAP":10.2,"BODY_MUT":0.0228,"BODY_CAP":0.106,"BODY_DEL":0.00275,"BODY_MQ":0.507,"CH_LEN":3.16} ; 702: 0.123 [25.00 / 14.67 / 22.00 / 38.83 / 4.17 / 19.17] {"RENEW":1,"RN_CAP":10.4,"BODY_MUT":0.0203,"BODY_CAP":0.106,"BODY_DEL":0.00247,"BODY_MQ":0.517,"CH_LEN":2.69}
a06 | 0.072 | 0.529 | 2 | {"RENEW":1,"RN_CAP":10.3,"BODY_MUT":0.0181,"BODY_CAP":0.0772,"BODY_DEL":0.00378,"BODY_MQ":0.253,"CH_LEN":3.18} | 701: 0.072 [27.83 / 14.50 / 15.83 / 34.33 / 9.50 / 12.83] {"RENEW":1,"RN_CAP":10.1,"BODY_MUT":0.0164,"BODY_CAP":0.0699,"BODY_DEL":0.00413,"BODY_MQ":0.238,"CH_LEN":3.05} ; 702: 0.985 [24.17 / 6.83 / 6.00 / 35.67 / 4.17 / 19.17] {"RENEW":1,"RN_CAP":11.3,"BODY_MUT":0.0176,"BODY_CAP":0.0733,"BODY_DEL":0.00405,"BODY_MQ":0.261,"CH_LEN":3.31}
a07 | 0.026 | 0.316 | 2 | {"RENEW":1,"RN_CAP":13.6,"BODY_MUT":0.0149,"BODY_CAP":0.0464,"BODY_DEL":0.00359,"BODY_MQ":0.303,"CH_LEN":4.19} | 701: 0.026 [26.00 / 19.17 / 14.00 / 33.67 / 9.50 / 12.83] {"RENEW":1,"RN_CAP":15.2,"BODY_MUT":0.0165,"BODY_CAP":0.0454,"BODY_DEL":0.00401,"BODY_MQ":0.273,"CH_LEN":4.04} ; 702: 0.606 [26.50 / 14.00 / 12.67 / 30.17 / 4.17 / 19.17] {"RENEW":1,"RN_CAP":13,"BODY_MUT":0.0164,"BODY_CAP":0.052,"BODY_DEL":0.00316,"BODY_MQ":0.322,"CH_LEN":4.24}
h-e003noCH | -0.010 | 0.285 | 2 | {"RENEW":1,"RN_CAP":18.1,"BODY_MUT":0.0158,"BODY_CAP":0.0456,"BODY_DEL":0.00319,"BODY_MQ":0.255,"CH_LEN":2.74} | 701: -0.010 [24.17 / 12.67 / 13.67 / 32.50 / 9.50 / 12.83] {"RENEW":1,"RN_CAP":17.8,"BODY_MUT":0.0151,"BODY_CAP":0.0427,"BODY_DEL":0.00287,"BODY_MQ":0.264,"CH_LEN":2.4} ; 702: 0.580 [25.50 / 13.83 / 12.17 / 30.83 / 4.17 / 19.17] {"RENEW":1,"RN_CAP":18.6,"BODY_MUT":0.0141,"BODY_CAP":0.0411,"BODY_DEL":0.00355,"BODY_MQ":0.254,"CH_LEN":2.95}
a02 | -0.067 | 0.434 | 2 | {"RENEW":1,"RN_CAP":14.6,"BODY_MUT":0.0205,"BODY_CAP":0.067,"BODY_DEL":0.00287,"BODY_MQ":0.531,"CH_LEN":2.85} | 701: -0.067 [26.33 / 19.17 / 26.50 / 37.50 / 9.50 / 12.83] {"RENEW":1,"RN_CAP":15.2,"BODY_MUT":0.0203,"BODY_CAP":0.0742,"BODY_DEL":0.00308,"BODY_MQ":0.53,"CH_LEN":2.88} ; 702: 0.934 [31.67 / 11.83 / 11.50 / 31.33 / 4.17 / 19.17] {"RENEW":1,"RN_CAP":16.4,"BODY_MUT":0.0186,"BODY_CAP":0.0748,"BODY_DEL":0.00317,"BODY_MQ":0.522,"CH_LEN":2.79}
h-c055half | -0.075 | 0.055 | 2 | {"RENEW":1,"RN_CAP":15.8,"BODY_MUT":0.0225,"BODY_CAP":0.0513,"BODY_DEL":0.00319,"BODY_MQ":0.287,"CH_LEN":3.12} | 701: -0.075 [22.83 / 13.33 / 22.67 / 32.83 / 9.50 / 12.83] {"RENEW":1,"RN_CAP":17.6,"BODY_MUT":0.0241,"BODY_CAP":0.0495,"BODY_DEL":0.00341,"BODY_MQ":0.265,"CH_LEN":3.28} ; 702: 0.184 [17.83 / 14.67 / 5.00 / 33.00 / 4.17 / 19.17] {"RENEW":1,"RN_CAP":15.8,"BODY_MUT":0.0225,"BODY_CAP":0.0531,"BODY_DEL":0.00295,"BODY_MQ":0.288,"CH_LEN":2.86}
h-e003pass | -0.104 | 0.160 | 2 | {"RENEW":1,"RN_CAP":13.6,"BODY_MUT":0.0158,"BODY_CAP":0.057,"BODY_DEL":0.00319,"BODY_MQ":0.319,"CH_LEN":3.43} | 701: -0.104 [21.00 / 9.67 / 15.33 / 31.17 / 9.50 / 12.83] {"RENEW":1,"RN_CAP":12.4,"BODY_MUT":0.0153,"BODY_CAP":0.0512,"BODY_DEL":0.0035,"BODY_MQ":0.311,"CH_LEN":3.29} ; 702: 0.425 [29.83 / 19.17 / 11.83 / 35.67 / 4.17 / 19.17] {"RENEW":1,"RN_CAP":14.2,"BODY_MUT":0.0174,"BODY_CAP":0.0531,"BODY_DEL":0.00317,"BODY_MQ":0.306,"CH_LEN":3.56}
h-c055 | -0.197 | 0.139 | 2 | {"RENEW":1,"RN_CAP":18.1,"BODY_MUT":0.02,"BODY_CAP":0.0456,"BODY_DEL":0.00319,"BODY_MQ":0.255,"CH_LEN":2.77} | 701: -0.197 [22.17 / 21.00 / 4.17 / 36.17 / 9.50 / 12.83] {"RENEW":1,"RN_CAP":19.1,"BODY_MUT":0.0181,"BODY_CAP":0.0469,"BODY_DEL":0.00323,"BODY_MQ":0.235,"CH_LEN":3.04} ; 702: 0.474 [22.83 / 13.83 / 11.00 / 38.17 / 4.17 / 19.17] {"RENEW":1,"RN_CAP":18.6,"BODY_MUT":0.0201,"BODY_CAP":0.0495,"BODY_DEL":0.00292,"BODY_MQ":0.239,"CH_LEN":2.62}
a05 | -0.262 | -0.212 | 2 | {"RENEW":1,"RN_CAP":9.41,"BODY_MUT":0.0309,"BODY_CAP":0.0445,"BODY_DEL":0.00325,"BODY_MQ":0.344,"CH_LEN":2.51} | 701: -0.262 [22.33 / 16.83 / 29.33 / 22.17 / 9.50 / 12.83] {"RENEW":1,"RN_CAP":8.87,"BODY_MUT":0.0334,"BODY_CAP":0.0409,"BODY_DEL":0.00308,"BODY_MQ":0.302,"CH_LEN":2.76} ; 702: -0.161 [17.17 / 10.00 / 20.33 / 22.50 / 4.17 / 19.17] {"RENEW":1,"RN_CAP":10.3,"BODY_MUT":0.0344,"BODY_CAP":0.05,"BODY_DEL":0.00363,"BODY_MQ":0.333,"CH_LEN":2.43}
a01 | -0.380 | -0.116 | 2 | {"RENEW":1,"RN_CAP":16.3,"BODY_MUT":0.0266,"BODY_CAP":0.0679,"BODY_DEL":0.00343,"BODY_MQ":0.237,"CH_LEN":3.65} | 701: 0.148 [29.50 / 16.50 / 23.33 / 33.67 / 9.50 / 12.83] {"RENEW":1,"RN_CAP":14.8,"BODY_MUT":0.0296,"BODY_CAP":0.0706,"BODY_DEL":0.00313,"BODY_MQ":0.236,"CH_LEN":3.89} ; 702: -0.380 [21.00 / 17.67 / 31.17 / 35.83 / 4.17 / 19.17] {"RENEW":1,"RN_CAP":15.9,"BODY_MUT":0.0257,"BODY_CAP":0.0607,"BODY_DEL":0.00315,"BODY_MQ":0.26,"CH_LEN":3.67}
a04 | -0.446 | 0.018 | 2 | {"RENEW":1,"RN_CAP":19.7,"BODY_MUT":0.0361,"BODY_CAP":0.0582,"BODY_DEL":0.00304,"BODY_MQ":0.38,"CH_LEN":3.52} | 701: -0.446 [21.83 / 18.50 / 34.67 / 29.00 / 9.50 / 12.83] {"RENEW":1,"RN_CAP":20.3,"BODY_MUT":0.0386,"BODY_CAP":0.0608,"BODY_DEL":0.00312,"BODY_MQ":0.349,"CH_LEN":3.55} ; 702: 0.481 [28.67 / 17.33 / 13.83 / 30.17 / 4.17 / 19.17] {"RENEW":1,"RN_CAP":18.8,"BODY_MUT":0.0366,"BODY_CAP":0.0572,"BODY_DEL":0.00291,"BODY_MQ":0.385,"CH_LEN":3.39}
