id | score (mean log min-ratio) | seeds | knobs on | per seed: score [S X / R / SH / DR ; ref D / DRIFT]
c039 | 0.246 | 2 | {"CHEM_DECAY":0.000426,"CHEM_D":0.304,"CHEM_ALPHA":0.336,"PATCH_V":0.00388,"RENEW":1,"RN_CAP":5.25,"BODY_UP":0.000423,"SCAR_T":30000,"SCAR_ON":20000,"SCAR_MIN":0.523,"BODY_MUT":0.0114,"BODY_CAP":0.0374,"BODY_FUSE":0.0206,"BODY_DUP":0.00696,"CH_AWAY":0.0269,"BODY_MAX":22,"BODY_RCAP":0,"BODY_CW":[0.35,0.316,0.181,0.153]} | 201: 0.405 [20.17 / 12.17 / 1.67 / 21.17 / 12.17 / 19.67] ; 202: 0.088 [18.83 / 17.17 / 4.67 / 29.50 / 9.67 / 21.50]
c055 | 0.106 | 2 | {"RENEW":1,"RN_CAP":18.1,"BODY_MUT":0.02,"BODY_CAP":0.0456,"BODY_DEL":0.00319,"BODY_MQ":0.255,"CH_LEN":2.77} | 201: 0.014 [22.50 / 22.17 / 11.50 / 34.67 / 12.17 / 19.67] ; 202: 0.198 [26.83 / 7.83 / 21.83 / 27.00 / 9.67 / 21.50]
c030 | -0.041 | 2 | {"PATCHES":4,"L_RATE":0.11,"RENEW":1,"RN_CAP":3.31,"BODY_UPX":1.66,"BODY_CAP":0.0284,"BODY_FUSE":0.0225,"BODY_DUP":0.00596,"BODY_DEL":0.00782,"CH_LEN":1.86,"BODY_MAX":19,"XB":1,"XB_GAIN":2.56,"BODY_RCAP":0,"BODY_CW":[0.257,0.099,0.391,0.252]} | 201: -0.255 [20.83 / 13.67 / 27.17 / 32.17 / 12.17 / 19.67] ; 202: 0.172 [24.33 / 20.33 / 15.17 / 11.17 / 9.67 / 21.50]
c025 | -0.086 | 2 | {"CHEM_D":0.231,"PATCHES":3,"PATCH_V":0.000537,"BODY_F":0.0948,"BODY_MUT":0.0231,"BODY_CAP":0.00612,"BODY_MQ":0.638,"CH_AWAY":0.138,"BODY_MAX":16,"XB":1,"XB_GAIN":1.49,"BODY_RCAP":0,"BODY_CW":[0.199,0.381,0.228,0.192]} | 201: -0.484 [9.17 / 15.50 / 1.50 / 1.83 / 12.17 / 19.67] ; 202: 0.312 [12.67 / 9.00 / 0.50 / 1.00 / 9.67 / 21.50]
c022 | -0.087 | 2 | {"CHEM_DECAY":0.00414,"CHEM_D":0.394,"PATCHES":4,"PATCH_R":12.6,"L_RATE":0.0569,"DISP":0.246,"BODY_UP":0.00102,"BODY_F":0.182,"BODY_CAP":0.0916,"BODY_FUSE":0.0871,"BODY_DUP":0.0384,"BODY_MQ":0.717,"CH_LEN":0.857,"BODY_RCAP":0,"BODY_CW":[0.302,0.338,0.289,0.071]} | 201: -0.204 [12.33 / 4.17 / 2.33 / 24.67 / 12.17 / 19.67] ; 202: 0.031 [10.00 / 9.67 / 7.33 / 20.50 / 9.67 / 21.50]
c019 | -0.159 | 2 | {"CHEM_D":0.127,"CHEM_ALPHA":0.398,"PATCHES":5,"PATCH_V":0.000983,"BODY_CROWD":14,"BODY_UPX":1.15,"BODY_F":0.0374,"BODY_MUT":0.00681,"BODY_CAP":0.0141,"BODY_MQ":0.84,"CH_LEN":2.58,"CH_AWAY":0.681,"XB":1,"XB_GAIN":2.71,"BODY_RCAP":0,"BODY_CW":[0.189,0.034,0.209,0.568]} | 201: -0.128 [6.33 / 7.33 / 2.67 / 1.00 / 12.17 / 19.67] ; 202: -0.189 [3.00 / 3.83 / 0.83 / 4.83 / 9.67 / 21.50]
c008 | -0.166 | 2 | {"CHEM_DECAY":0.000214,"CHEM_D":0.555,"PATCH_V":0.00957,"BODY_CROWD":6.99,"BODY_UP":0.000426,"BODY_UPX":1.71,"SCAR_T":30000,"SCAR_ON":20000,"SCAR_MIN":0.454,"BODY_MUT":0.0185,"BODY_FUSE":0.0434,"CH_AWAY":0.49,"BODY_MAX":19} | 201: -0.365 [9.83 / 9.83 / 4.50 / 23.50 / 12.17 / 19.67] ; 202: 0.034 [14.00 / 13.50 / 7.33 / 24.00 / 9.67 / 21.50]
c018 | -0.188 | 2 | {"CHEM_ALPHA":0.307,"PATCH_R":12.2,"PATCH_V":0.000642,"BODY_UPX":1.7,"BODY_F":0.128,"BODY_MUT":0.0126,"BODY_CAP":0.0754,"BODY_DUP":0.00291,"BODY_DEL":0.0102,"CH_LEN":2.67,"CH_AWAY":0.503,"BODY_MAX":7} | 201: -0.158 [15.50 / 18.33 / 14.83 / 15.67 / 12.17 / 19.67] ; 202: -0.218 [17.50 / 22.00 / 16.67 / 18.00 / 9.67 / 21.50]
c045 | -0.189 | 2 | {"CHEM_DECAY":0.000176,"CHEM_D":0.323,"PATCHES":6,"PATCH_R":7.83,"L_RATE":0.0887,"RENEW":1,"RN_CAP":12.9,"DISP":0.259,"BODY_UP":0.000536,"BODY_UPX":1.5,"BODY_F":0.104,"BODY_FUSE":0.058,"BODY_MQ":0.944,"CH_LEN":0,"BODY_MAX":10,"XB":1,"XB_GAIN":1.04} | 201: -0.091 [21.67 / 23.83 / 22.50 / 6.17 / 12.17 / 19.67] ; 202: -0.288 [21.00 / 28.33 / 28.17 / 8.17 / 9.67 / 21.50]
c027 | -0.214 | 2 | {"PATCH_R":11.9,"L_RATE":0.173,"BODY_CROWD":6.43,"DISP":0.269,"BODY_UPX":1.1,"BODY_CAP":0.0254,"BODY_DUP":0.0131,"BODY_DEL":0.00265,"BODY_MQ":0.307,"CH_AWAY":0.63,"BODY_RCAP":0,"BODY_CW":[0.079,0.126,0.562,0.234]} | 201: -0.120 [17.83 / 15.17 / 5.67 / 32.33 / 12.17 / 19.67] ; 202: -0.308 [13.33 / 18.50 / 2.33 / 33.00 / 9.67 / 21.50]
c040 | -0.220 | 2 | {"CHEM_DECAY":0.000968,"CHEM_D":0.252,"PATCHES":5,"PATCH_V":0.017,"L_RATE":0.0384,"DISP":0.0613,"BODY_UP":0.000316,"BODY_UPX":1.93,"BODY_MUT":0.00356,"BODY_FUSE":0.0879,"BODY_DEL":0.00729,"CH_LEN":2.89,"XB":1,"XB_GAIN":8} | 201: -0.255 [15.67 / 16.17 / 20.50 / 3.67 / 12.17 / 19.67] ; 202: -0.186 [14.50 / 17.67 / 13.67 / 1.67 / 9.67 / 21.50]
c036 | -0.245 | 2 | {"CHEM_DECAY":0.000133,"CHEM_D":0.133,"PATCH_V":0.0044,"BODY_F":0.196,"BODY_CAP":0.0427,"BODY_DUP":0.00765,"BODY_DEL":0.00536,"CH_LEN":1.64,"BODY_MAX":11} | 201: 0.019 [11.33 / 10.17 / 3.67 / 18.00 / 12.17 / 19.67] ; 202: -0.508 [13.33 / 22.83 / 11.33 / 15.17 / 9.67 / 21.50]
c013 | -0.271 | 2 | {"CHEM_D":0.357,"CHEM_ALPHA":0.538,"PATCHES":6,"PATCH_V":0.00511,"L_RATE":0.101,"DISP":0.218,"BODY_UPX":1.27,"BODY_F":0.166,"BODY_DEL":0.0117,"BODY_MQ":0.176,"CH_LEN":1.54,"BODY_MAX":9,"XB":1,"XB_GAIN":6.2} | 201: -0.324 [22.50 / 31.50 / 16.33 / 8.00 / 12.17 / 19.67] ; 202: -0.219 [14.00 / 17.67 / 12.33 / 3.33 / 9.67 / 21.50]
c000 | -0.280 | 2 | (defaults = D) | 201: 0.000 [12.17 / 11.33 / 5.50 / 19.67 / 12.17 / 19.67] ; 202: -0.560 [9.67 / 17.67 / 2.67 / 21.50 / 9.67 / 21.50]
c035 | -0.289 | 2 | {"CHEM_DECAY":0.00315,"CHEM_ALPHA":0.35,"PATCHES":2,"PATCH_V":0.00341,"L_RATE":0.0948,"BODY_CROWD":8.88,"DISP":0.162,"BODY_UP":0.000328,"BODY_UPX":1.75,"BODY_F":0.0847,"BODY_MUT":0.0151,"BODY_CAP":0.0155,"CH_AWAY":0.103,"BODY_MAX":10} | 201: -0.590 [5.83 / 11.33 / 4.83 / 17.50 / 12.17 / 19.67] ; 202: 0.013 [12.33 / 12.17 / 1.50 / 10.50 / 9.67 / 21.50]
c047 | -0.311 | 2 | {"CHEM_DECAY":0.00368,"CHEM_D":0.437,"PATCHES":2,"PATCH_R":14.5,"PATCH_V":0.000977,"RENEW":1,"RN_CAP":12,"DISP":0.0775,"BODY_UP":0.000555,"BODY_UPX":1.38,"BODY_F":0.133,"BODY_FUSE":0.0757,"BODY_DEL":0.00643,"BODY_MAX":8,"XB":1,"XB_GAIN":0.847} | 201: -0.357 [4.83 / 7.33 / 4.67 / 3.83 / 12.17 / 19.67] ; 202: -0.266 [10.50 / 14.00 / 8.00 / 5.67 / 9.67 / 21.50]
c053 | -0.332 | 2 | {"PATCH_R":8.87,"BODY_UP":0.00029,"BODY_UPX":1.99,"BODY_MUT":0.0108,"BODY_FUSE":0.0704,"BODY_DUP":0.016,"BODY_MQ":0.579,"CH_AWAY":0.705} | 201: -0.341 [14.17 / 20.33 / 10.33 / 14.67 / 12.17 / 19.67] ; 202: -0.323 [15.17 / 21.33 / 13.67 / 19.00 / 9.67 / 21.50]
c054 | -0.334 | 2 | {"CHEM_ALPHA":0.316,"PATCH_V":0.00181,"BODY_CROWD":4.48,"BODY_F":0.0593,"BODY_CAP":0.0111,"BODY_FUSE":0.0655,"BODY_DUP":0.00306,"BODY_DEL":0.00249,"BODY_MQ":0.161,"BODY_MAX":13} | 201: -0.405 [3.00 / 5.00 / 2.83 / 7.33 / 12.17 / 19.67] ; 202: -0.262 [5.67 / 7.67 / 2.17 / 10.67 / 9.67 / 21.50]
c002 | -0.387 | 2 | {"PATCH_R":15.8,"PATCH_V":0.00624,"BODY_CROWD":4.8,"DISP":0.251,"BODY_UP":0.000252,"BODY_F":0.0439,"BODY_MAX":15} | 201: -0.369 [13.83 / 14.33 / 7.67 / 32.67 / 12.17 / 19.67] ; 202: -0.405 [17.00 / 26.00 / 5.83 / 31.83 / 9.67 / 21.50]
c050 | -0.392 | 2 | {"CHEM_DECAY":0.000644,"CHEM_D":0.224,"CHEM_ALPHA":0.459,"PATCH_R":13.1,"PATCH_V":0.0132,"BODY_UP":0.000775,"BODY_UPX":1.51,"BODY_F":0.177,"SCAR_T":30000,"SCAR_ON":20000,"SCAR_MIN":0.193,"BODY_FUSE":0.0522,"BODY_DEL":0.00204,"CH_AWAY":0.267,"BODY_MAX":8,"XB":1,"XB_GAIN":0.17} | 201: -0.359 [12.50 / 18.33 / 1.00 / 6.50 / 12.17 / 19.67] ; 202: -0.424 [7.83 / 12.50 / 8.50 / 1.83 / 9.67 / 21.50]
c037 | -0.413 | 2 | {"CHEM_DECAY":0.00181,"CHEM_D":0.441,"L_RATE":0.0675,"RENEW":1,"RN_CAP":8.67,"BODY_MUT":0.00504,"BODY_FUSE":0.0294,"BODY_DUP":0.0261,"BODY_DEL":0.0382,"BODY_MQ":0.511,"BODY_MAX":15} | 201: -0.195 [9.83 / 12.17 / 5.33 / 7.33 / 12.17 / 19.67] ; 202: -0.630 [7.17 / 14.33 / 2.00 / 9.50 / 9.67 / 21.50]
c001 | -0.474 | 2 | {"CHEM_DECAY":0.000604,"PATCH_R":15.8,"RENEW":1,"RN_CAP":14.3,"BODY_UP":0.000595,"SCAR_T":30000,"SCAR_ON":20000,"SCAR_MIN":0.552,"BODY_MUT":0.00263,"BODY_DUP":0.00817} | 201: -1.039 [6.67 / 20.67 / 4.00 / 13.33 / 12.17 / 19.67] ; 202: 0.091 [10.50 / 9.50 / 8.00 / 11.17 / 9.67 / 21.50]
c032 | -0.482 | 2 | {"CHEM_D":0.275,"PATCHES":5,"RENEW":1,"RN_CAP":6.71,"DISP":0.0678,"BODY_CAP":0.026,"BODY_FUSE":0.0488,"BODY_DUP":0.0462,"BODY_MQ":0.655} | 201: -0.366 [12.33 / 14.83 / 3.33 / 29.17 / 12.17 / 19.67] ; 202: -0.599 [10.17 / 19.33 / 2.50 / 16.83 / 9.67 / 21.50]
c005 | -0.575 | 2 | {"CHEM_ALPHA":0.266,"PATCH_R":10.1,"PATCH_V":0.00724,"DISP":0.209,"BODY_UPX":1.34,"BODY_MUT":0.0022,"BODY_CAP":0.0511,"BODY_FUSE":0.00852,"BODY_DUP":0.00514,"BODY_DEL":0.0351,"XB":1,"XB_GAIN":0.966,"BODY_RCAP":0,"BODY_CW":[0.175,0.058,0.299,0.468]} | 201: -0.766 [4.50 / 10.83 / 8.33 / 14.67 / 12.17 / 19.67] ; 202: -0.383 [9.00 / 13.67 / 5.00 / 13.67 / 9.67 / 21.50]
c015 | -0.716 | 2 | {"CHEM_DECAY":0.00469,"CHEM_D":0.389,"PATCH_R":10.3,"RENEW":1,"RN_CAP":5.8,"BODY_UP":0.000297,"BODY_UPX":1.02,"BODY_F":0.077,"BODY_DEL":0.0419,"BODY_MQ":0.391,"CH_AWAY":0.0321,"XB":1,"XB_GAIN":0.149} | 201: -0.717 [6.00 / 13.33 / 1.83 / 0.67 / 12.17 / 19.67] ; 202: -0.716 [6.33 / 14.00 / 0.00 / 1.33 / 9.67 / 21.50]
c020 | -0.778 | 2 | {"CHEM_D":0.366,"PATCH_R":11.6,"PATCH_V":0.0159,"BODY_UP":0.000512,"BODY_UPX":1.53,"BODY_F":0.0289,"BODY_CAP":0.0206} | 201: -1.180 [5.17 / 12.50 / 5.83 / 30.50 / 12.17 / 19.67] ; 202: -0.377 [8.83 / 13.33 / 10.33 / 23.33 / 9.67 / 21.50]
c023 | -0.784 | 2 | {"PATCH_V":0.0152,"L_RATE":0.0877,"RENEW":1,"RN_CAP":3.93,"DISP":0.179,"BODY_UP":0.00187,"SCAR_T":30000,"SCAR_ON":20000,"SCAR_MIN":0.364,"BODY_MUT":0.0368,"BODY_CAP":0.0167,"BODY_DUP":0.0246,"BODY_DEL":0.00296,"CH_LEN":1.25,"CH_AWAY":0.656,"BODY_MAX":24} | 201: -1.637 [3.67 / 6.83 / 1.17 / 36.67 / 12.17 / 19.67] ; 202: 0.069 [14.67 / 3.17 / 0.00 / 29.83 / 9.67 / 21.50]
c041 | -0.849 | 2 | {"CHEM_DECAY":0.00397,"CHEM_ALPHA":0.264,"PATCHES":7,"PATCH_R":9.57,"PATCH_V":0.000718,"L_RATE":0.149,"DISP":0.147,"BODY_F":0.17,"BODY_MUT":0.00448,"BODY_CAP":0.00513,"BODY_DUP":0.0234,"BODY_MQ":0.948,"CH_LEN":1.76,"BODY_MAX":21} | 201: -0.693 [8.50 / 18.00 / 6.67 / 9.17 / 12.17 / 19.67] ; 202: -1.005 [5.83 / 17.67 / 1.33 / 8.83 / 9.67 / 21.50]
c031 | -0.866 | 2 | {"PATCH_R":9.05,"PATCH_V":0.0116,"RENEW":1,"RN_CAP":17,"BODY_CROWD":14.3,"BODY_UP":0.00133,"BODY_F":0.112,"BODY_FUSE":0.0456,"BODY_DEL":0.00691,"BODY_MQ":0.447,"CH_LEN":2.09,"CH_AWAY":0.257,"BODY_MAX":17,"XB":1,"XB_GAIN":6.67} | 201: -1.732 [0.33 / 2.00 / 0.33 / 10.83 / 12.17 / 19.67] ; 202: 0.000 [2.83 / 2.83 / 0.67 / 5.83 / 9.67 / 21.50]
c038 | -0.913 | 2 | {"CHEM_ALPHA":0.632,"PATCH_R":10.7,"BODY_CROWD":5.09,"BODY_MUT":0.00294,"BODY_CAP":0.00817,"CH_AWAY":0.0897,"BODY_MAX":20} | 201: -1.479 [2.00 / 12.17 / 0.83 / 7.67 / 12.17 / 19.67] ; 202: -0.346 [3.83 / 5.83 / 1.83 / 3.00 / 9.67 / 21.50]
c033 | -0.943 | 2 | {"RENEW":1,"RN_CAP":6.91,"BODY_CROWD":1.07,"DISP":0.185,"SCAR_T":30000,"SCAR_ON":20000,"SCAR_MIN":0.274,"BODY_MUT":0.00566,"BODY_CAP":0.0114,"BODY_DUP":0.00973} | 201: -0.946 [4.50 / 13.17 / 2.83 / 9.33 / 12.17 / 19.67] ; 202: -0.940 [3.17 / 9.67 / 2.83 / 10.83 / 9.67 / 21.50]
c006 | -0.953 | 2 | {"CHEM_D":0.0611,"CHEM_ALPHA":0.281,"PATCHES":7,"PATCH_R":12.4,"L_RATE":0.0264,"DISP":0.292,"BODY_UP":0.000944,"BODY_MUT":0.0298,"BODY_DUP":0.0105,"BODY_DEL":0.0206,"BODY_MAX":21,"XB":1,"XB_GAIN":0.926} | 201: -0.871 [2.00 / 6.17 / 0.50 / 0.33 / 12.17 / 19.67] ; 202: -1.036 [0.83 / 4.17 / 0.17 / 1.50 / 9.67 / 21.50]
c017 | -1.047 | 2 | {"CHEM_DECAY":0.00122,"CHEM_D":0.2,"CHEM_ALPHA":0.583,"PATCHES":7,"PATCH_V":0.000818,"BODY_CROWD":0.62,"BODY_UP":0.00152,"BODY_UPX":1.17,"BODY_MUT":0.00863,"BODY_DUP":0.00496,"BODY_DEL":0.0058,"BODY_MQ":0.235,"BODY_RCAP":0,"BODY_CW":[0.511,0.255,0.14,0.094]} | 201: -1.341 [4.33 / 4.33 / 0.33 / 31.00 / 12.17 / 19.67] ; 202: -0.754 [3.00 / 7.50 / 0.33 / 11.17 / 9.67 / 21.50]
c024 | -1.228 | 2 | {"CHEM_D":0.451,"CHEM_ALPHA":0.612,"PATCHES":4,"PATCH_V":0.000756,"BODY_CROWD":18.1,"DISP":0.102,"BODY_UP":0.00162,"BODY_MUT":0.00603,"BODY_FUSE":0.0334,"BODY_DEL":0.00271,"CH_LEN":0.996,"CH_AWAY":0.0685,"BODY_MAX":13} | 201: -1.471 [1.00 / 0.50 / 0.50 / 12.67 / 12.17 / 19.67] ; 202: -0.985 [1.83 / 1.67 / 0.67 / 15.00 / 9.67 / 21.50]
c043 | -1.715 | 2 | {"CHEM_DECAY":0.000325,"PATCH_R":6.28,"L_RATE":0.136,"BODY_UP":0.00114,"BODY_UPX":1.88,"BODY_CAP":0.00642,"BODY_FUSE":0.00524,"BODY_DEL":0.0354,"BODY_MQ":0.862,"CH_AWAY":0.58,"XB":1,"XB_GAIN":3.09} | 201: -0.968 [4.00 / 12.17 / 0.33 / 0.33 / 12.17 / 19.67] ; 202: -2.461 [0.17 / 12.67 / 3.50 / 0.00 / 9.67 / 21.50]
c049 | -1.865 | 2 | {"CHEM_D":0.0926,"CHEM_ALPHA":0.687,"PATCHES":3,"PATCH_R":14.9,"L_RATE":0.062,"BODY_UP":0.00109,"BODY_F":0.15,"BODY_MUT":0.0328,"BODY_DUP":0.00462,"BODY_DEL":0.0181,"CH_LEN":2.7} | 201: -1.674 [2.00 / 15.00 / 0.00 / 18.17 / 12.17 / 19.67] ; 202: -2.056 [0.83 / 13.33 / 0.50 / 16.83 / 9.67 / 21.50]
c042 | -1.985 | 2 | {"CHEM_D":0.115,"CHEM_ALPHA":0.486,"PATCHES":5,"PATCH_R":7.26,"L_RATE":0.0438,"BODY_UP":0.00171,"BODY_CAP":0.0124,"BODY_FUSE":0.0326,"BODY_DUP":0.0305,"CH_LEN":2.02,"BODY_MAX":19} | 201: -1.852 [0.67 / 1.50 / 0.33 / 15.67 / 12.17 / 19.67] ; 202: -2.118 [0.83 / 3.00 / 0.00 / 31.17 / 9.67 / 21.50]
c011 | -2.969 | 2 | {"CHEM_DECAY":0.000103,"CHEM_D":0.464,"PATCH_R":7,"BODY_F":0.0671,"BODY_FUSE":0.0183,"BODY_DUP":0.0186,"BODY_DEL":0.0325,"BODY_MAX":11,"BODY_RCAP":0,"BODY_CW":[0.29,0.352,0.24,0.119]} | 201: -0.937 [5.33 / 15.17 / 3.50 / 4.17 / 12.17 / 19.67] ; 202: -5.000 collapse [5.33 / 16.33 / 0.50 / 7.33 / 9.67 / 21.50]
c003 | -2.980 | 2 | {"CHEM_ALPHA":0.734,"BODY_CROWD":1.65,"BODY_UPX":1.25,"BODY_F":0.198,"BODY_DUP":0.0146,"BODY_DEL":0.0437,"BODY_MQ":0.626,"CH_LEN":2.11,"BODY_MAX":18,"BODY_RCAP":0,"BODY_CW":[0.269,0.035,0.372,0.324]} | 201: -5.000 collapse [0.00 / 0.00 / 3.33 / 0.00 / 12.17 / 19.67] ; 202: -0.960 [4.17 / 12.50 / 0.83 / 3.00 / 9.67 / 21.50]
c046 | -3.073 | 2 | {"CHEM_DECAY":0.00038,"CHEM_ALPHA":0.715,"PATCH_R":5.45,"L_RATE":0.137,"BODY_CROWD":12.5,"BODY_UPX":1.4,"BODY_CAP":0.0133,"CH_LEN":0.916,"BODY_RCAP":0,"BODY_CW":[0.441,0.082,0.108,0.368]} | 201: -1.147 [3.50 / 13.17 / 0.17 / 10.33 / 12.17 / 19.67] ; 202: -5.000 collapse [3.17 / 9.17 / 0.17 / 11.50 / 9.67 / 21.50]
c004 | -5.000 | 2 | {"CHEM_DECAY":0.000191,"CHEM_D":0.263,"CHEM_ALPHA":0.767,"PATCH_R":7.6,"L_RATE":0.0288,"RENEW":1,"RN_CAP":25.6,"BODY_UPX":1.87,"BODY_F":0.0331,"SCAR_T":30000,"SCAR_ON":20000,"SCAR_MIN":0.422,"BODY_DUP":0.032,"BODY_DEL":0.0188,"BODY_MQ":0.673,"CH_LEN":1.07,"BODY_MAX":12,"XB":1,"XB_GAIN":0.11,"BODY_RCAP":0,"BODY_CW":[0.278,0.363,0.153,0.207]} | 201: -5.000 collapse [0.00 / 0.00 / 0.00 / 0.00 / 12.17 / 19.67] ; 202: -5.000 collapse [0.33 / 0.00 / 0.00 / 0.00 / 9.67 / 21.50]
c007 | -5.000 | 2 | {"CHEM_DECAY":0.000284,"CHEM_D":0.572,"CHEM_ALPHA":0.513,"PATCHES":2,"L_RATE":0.0279,"BODY_UP":0.000583,"BODY_UPX":1.9,"SCAR_T":30000,"SCAR_ON":20000,"SCAR_MIN":0.408,"BODY_MUT":0.00691,"BODY_CAP":0.0535,"BODY_FUSE":0.0645,"XB":1,"XB_GAIN":0.314} | 201: -5.000 collapse [0.33 / 1.67 / 1.17 / 0.17 / 12.17 / 19.67] ; 202: -5.000 collapse [4.67 / 5.67 / 5.00 / 2.00 / 9.67 / 21.50]
c009 | -5.000 | 2 | {"CHEM_DECAY":0.000189,"CHEM_ALPHA":0.751,"PATCH_V":0.00124,"L_RATE":0.0228,"BODY_UPX":1.23,"BODY_MUT":0.0033,"BODY_DEL":0.00231,"BODY_MQ":0.88,"CH_LEN":0} | 201: -5.000 collapse [2.83 / 8.00 / 3.83 / 2.17 / 12.17 / 19.67] ; 202: -5.000 collapse [5.33 / 7.67 / 2.83 / 2.00 / 9.67 / 21.50]
c010 | -5.000 | 2 | {"PATCH_V":0.00172,"L_RATE":0.0245,"RENEW":1,"RN_CAP":5.89,"BODY_UPX":1.11,"SCAR_T":30000,"SCAR_ON":20000,"SCAR_MIN":0.325,"BODY_CAP":0.0291,"BODY_FUSE":0.0914,"BODY_DEL":0.00221,"CH_LEN":1.38,"CH_AWAY":0.591,"BODY_MAX":8,"BODY_RCAP":0,"BODY_CW":[0.045,0.263,0.38,0.313]} | 201: -5.000 collapse [1.17 / 2.67 / 1.00 / 8.83 / 12.17 / 19.67] ; 202: -5.000 collapse [5.67 / 10.00 / 1.83 / 6.33 / 9.67 / 21.50]
c012 | -5.000 | 2 | {"CHEM_DECAY":0.00256,"CHEM_D":0.509,"CHEM_ALPHA":0.248,"PATCHES":2,"PATCH_R":4.44,"PATCH_V":0.00165,"L_RATE":0.0595,"BODY_CROWD":1.03,"SCAR_T":30000,"SCAR_ON":20000,"SCAR_MIN":0.509,"BODY_MUT":0.0161,"BODY_FUSE":0.00189,"BODY_DEL":0.0112,"BODY_MQ":0.284,"CH_LEN":1.11} | 201: -5.000 collapse [2.00 / 3.83 / 0.50 / 6.17 / 12.17 / 19.67] ; 202: -5.000 collapse [4.33 / 3.33 / 0.67 / 6.50 / 9.67 / 21.50]
c014 | -5.000 | 2 | {"CHEM_DECAY":0.000156,"CHEM_ALPHA":0.767,"RENEW":1,"RN_CAP":1.54,"BODY_F":0.119,"BODY_MUT":0.0413,"BODY_MAX":6,"BODY_RCAP":0,"BODY_CW":[0.194,0.325,0.284,0.197]} | 201: -5.000 collapse [16.50 / 9.00 / 7.17 / 1.83 / 12.17 / 19.67] ; 202: -5.000 collapse [2.33 / 15.67 / 8.67 / 6.00 / 9.67 / 21.50]
c016 | -5.000 | 2 | {"PATCHES":5,"PATCH_V":0.00214,"L_RATE":0.0199,"BODY_CROWD":5.7,"DISP":0.0908,"BODY_UP":0.00145,"BODY_FUSE":0.0604,"BODY_DUP":0.00438,"BODY_DEL":0.0484,"CH_LEN":1.91,"XB":1,"XB_GAIN":0.373} | 201: -5.000 collapse [0.50 / 1.00 / 0.00 / 0.00 / 12.17 / 19.67] ; 202: -5.000 collapse [0.00 / 0.33 / 0.50 / 0.17 / 9.67 / 21.50]
c021 | -5.000 | 2 | {"CHEM_DECAY":0.00213,"CHEM_ALPHA":0.713,"PATCHES":1,"PATCH_R":5.55,"PATCH_V":0.0194,"RENEW":1,"RN_CAP":8,"BODY_UP":0.00036,"BODY_F":0.185,"BODY_MUT":0.0439,"BODY_CAP":0.00724,"BODY_FUSE":0.0995,"BODY_MQ":0.487,"BODY_MAX":12} | 201: -5.000 collapse [0.00 / 0.00 / 0.00 / 0.00 / 12.17 / 19.67] ; 202: -5.000 collapse [0.00 / 0.00 / 0.00 / 0.00 / 9.67 / 21.50]
c026 | -5.000 | 2 | {"CHEM_ALPHA":0.66,"PATCHES":4,"PATCH_V":0.000862,"L_RATE":0.0178,"RENEW":1,"RN_CAP":20.9,"BODY_CROWD":1.55,"DISP":0.142,"BODY_UP":0.00194,"BODY_F":0.0203,"SCAR_T":30000,"SCAR_ON":20000,"SCAR_MIN":0.532,"BODY_CAP":0.0101,"BODY_FUSE":0.0255,"BODY_DUP":0.0066,"BODY_MQ":0.413,"CH_LEN":0.945} | 201: -5.000 collapse [0.00 / 0.83 / 0.00 / 4.50 / 12.17 / 19.67] ; 202: -5.000 collapse [1.00 / 1.33 / 0.17 / 3.17 / 9.67 / 21.50]
c028 | -5.000 | 2 | {"CHEM_DECAY":0.000257,"CHEM_D":0.296,"CHEM_ALPHA":0.365,"L_RATE":0.0101,"BODY_UP":0.00039,"BODY_UPX":1.58,"BODY_F":0.188,"BODY_MUT":0.0473,"XB":1,"XB_GAIN":0.161} | 201: -5.000 collapse [0.17 / 3.83 / 4.83 / 0.17 / 12.17 / 19.67] ; 202: -5.000 collapse [0.50 / 5.33 / 0.00 / 2.83 / 9.67 / 21.50]
c029 | -5.000 | 2 | {"CHEM_D":0.285,"CHEM_ALPHA":0.621,"PATCHES":1,"PATCH_R":14.6,"L_RATE":0.0211,"BODY_UPX":1.58,"SCAR_T":30000,"SCAR_ON":20000,"SCAR_MIN":0.397,"BODY_DUP":0.00553,"BODY_DEL":0.0268,"BODY_MQ":0.379,"CH_LEN":2.5,"XB":1,"XB_GAIN":0.137} | 201: -5.000 collapse [1.33 / 2.83 / 4.33 / 0.00 / 12.17 / 19.67] ; 202: -5.000 collapse [0.00 / 0.00 / 0.00 / 0.00 / 9.67 / 21.50]
c034 | -5.000 | 2 | {"CHEM_D":0.0804,"PATCHES":7,"L_RATE":0.0221,"BODY_CROWD":3.35,"DISP":0.0834,"BODY_UPX":1.95,"BODY_F":0.0628,"SCAR_T":30000,"SCAR_ON":20000,"SCAR_MIN":0.51,"BODY_CAP":0.0999,"BODY_DUP":0.004,"BODY_MQ":0.0981} | 201: -5.000 collapse [5.83 / 3.50 / 15.00 / 16.50 / 12.17 / 19.67] ; 202: -5.000 collapse [9.17 / 8.33 / 6.17 / 13.00 / 9.67 / 21.50]
c044 | -5.000 | 2 | {"CHEM_DECAY":0.00138,"CHEM_ALPHA":0.408,"PATCHES":4,"PATCH_V":0.00128,"L_RATE":0.0169,"BODY_F":0.19,"BODY_MUT":0.00907,"BODY_DUP":0.00261,"BODY_MQ":0.692,"CH_LEN":1.78,"CH_AWAY":0.216,"BODY_RCAP":0,"BODY_CW":[0.393,0.245,0.209,0.153]} | 201: -5.000 collapse [2.33 / 3.67 / 2.17 / 2.83 / 12.17 / 19.67] ; 202: -5.000 collapse [5.67 / 7.00 / 1.50 / 4.00 / 9.67 / 21.50]
c048 | -5.000 | 2 | {"CHEM_DECAY":0.00101,"PATCHES":8,"PATCH_R":4.12,"L_RATE":0.032,"RENEW":1,"RN_CAP":22.4,"BODY_CROWD":6.24,"BODY_UP":0.00129,"BODY_FUSE":0.0157,"CH_LEN":0,"XB":1,"XB_GAIN":1.87} | 201: -5.000 collapse [0.33 / 0.83 / 0.50 / 5.00 / 12.17 / 19.67] ; 202: -5.000 collapse [1.67 / 0.67 / 0.50 / 2.50 / 9.67 / 21.50]
c051 | -5.000 | 2 | {"CHEM_DECAY":0.00334,"CHEM_D":0.514,"PATCHES":1,"PATCH_V":0.0048,"L_RATE":0.123,"BODY_UPX":1.47,"BODY_CAP":0.0341,"BODY_FUSE":0.0362,"BODY_MQ":0.429,"CH_LEN":0,"CH_AWAY":0.246,"BODY_MAX":6} | 201: -5.000 collapse [6.83 / 7.17 / 6.50 / 7.67 / 12.17 / 19.67] ; 202: -5.000 collapse [9.00 / 8.33 / 7.50 / 6.83 / 9.67 / 21.50]
c052 | -5.000 | 2 | {"CHEM_DECAY":0.000127,"CHEM_ALPHA":0.649,"PATCHES":1,"PATCH_R":9.26,"RENEW":1,"RN_CAP":2.6,"BODY_CROWD":0.594,"DISP":0.205,"BODY_UP":0.00165,"BODY_UPX":1.41,"BODY_F":0.0714,"BODY_FUSE":0.059,"BODY_MQ":0.61,"CH_LEN":2.56,"CH_AWAY":0.781,"BODY_RCAP":0,"BODY_CW":[0.063,0.369,0.229,0.339]} | 201: -5.000 collapse [0.00 / 0.00 / 0.00 / 0.00 / 12.17 / 19.67] ; 202: -5.000 collapse [3.83 / 3.50 / 2.33 / 2.83 / 9.67 / 21.50]
